,연번,등급분류번호,게임물명,신청사,신청일자,결정일자,결정등급,접수번호,등급분류기관
0,1,CC-NA-220707-001,노인과바다 포커2,(주)한울소프트,2022-04-12,2022-07-07,청소년이용불가,DG-NA-22-00030,GRAC
1,2,CC-NA-220707-002,빅게임2,(주)한울소프트,2022-04-12,2022-07-07,청소년이용불가,DG-NA-22-00031,GRAC
2,3,CC-NA-220707-003,신도깨비2,드림전자,2022-04-19,2022-07-07,청소년이용불가,DG-NA-22-00033,GRAC
3,4,CC-NA-220707-004,드래곤 캐슬,엔디테크,2022-04-28,2022-07-07,청소년이용불가,DG-NA-22-00035,GRAC
4,5,CC-NA-220707-005,新西遊記Poker(신서유기포커),게임플러스,2022-05-10,2022-07-07,청소년이용불가,DG-NA-22-00042,GRAC
5,6,CC-NP-220707-001,New Tales From Borderlands (뉴 테일즈 프롬 더 보더랜드),테이크투인터랙티브유한회사,2022-05-11,2022-07-07,청소년이용불가,DG-NP-22-00112,GRAC
6,7,CC-NP-220707-002,New Tales from Borderlands Deluxe Edition (뉴 테일즈 프롬 더 보더랜드 딜럭스 에디션),테이크투인터랙티브유한회사,2022-06-13,2022-07-07,청소년이용불가,DG-NP-22-00147,GRAC
7,8,CC-NP-220707-003,Poker Pretty Girls Battle: Texas Holdem (포커 프리티 걸스 배틀 : 텍사스 홀덤),스마일게이트스토브,2022-06-27,2022-07-07,청소년이용불가,DG-NP-22-00165,GRAC
8,9,CC-NP-220707-004,Poker Pretty Girls Battle Fantasy World Edition (포커 프리티 걸스 배틀 판타지 월드 에디션),스마일게이트스토브,2022-06-27,2022-07-07,청소년이용불가,DG-NP-22-00166,GRAC
9,10,CC-NP-220707-005,드래곤 캐슬 PC,엔디테크,2022-05-26,2022-07-07,청소년이용불가,DG-NP-22-00123,GRAC
10,11,CC-NP-220707-006,POSTAL 4: No Regerts (포스탈4 : 후회는 ㅇ벗다),스마일게이트스토브,2022-06-20,2022-07-07,청소년이용불가,DG-NP-22-00152,GRAC
11,12,CC-NP-220707-007,호두맞고(Hodoo Matgo),배드엔터테인먼트,2022-06-13,2022-07-07,청소년이용불가,DG-NP-22-00142,GRAC
12,13,CC-NP-220707-008,호두바둑이(Hodoo Baduki),배드엔터테인먼트,2022-06-13,2022-07-07,청소년이용불가,DG-NP-22-00143,GRAC
13,14,CC-NP-220707-009,호두포커(Hodoo Poker),배드엔터테인먼트,2022-06-13,2022-07-07,청소년이용불가,DG-NP-22-00144,GRAC
14,15,CC-NP-220707-010,호두홀덤(Hodoo Holdem),배드엔터테인먼트,2022-06-13,2022-07-07,청소년이용불가,DG-NP-22-00145,GRAC
15,16,CC-NP-220707-011,피닉스 바카라,스테이 소포르,2022-06-16,2022-07-07,청소년이용불가,DG-NP-22-00149,GRAC
16,17,CC-NP-220707-012,피닉스 블랙잭,스테이 소포르,2022-06-16,2022-07-07,청소년이용불가,DG-NP-22-00150,GRAC
17,18,CC-NP-220707-013,피닉스 슬롯,스테이 소포르,2022-06-16,2022-07-07,청소년이용불가,DG-NP-22-00151,GRAC
18,19,CC-NV-220707-001,[PS4] 노 모어 히어로즈 3(No More Heroes 3),주식회사 세가퍼블리싱코리아,2022-06-24,2022-07-07,청소년이용불가,DG-NV-22-00023,GRAC
19,20,CC-OM-220707-001,Three Kingdoms: Hero Wars,"Shanghai Zhangbei Network Technology Co.,Ltd.",2022-06-20,2022-07-07,12세이용가,DG-OM-22-00092,GRAC
20,21,CC-OM-220707-002,제노사이드,(주)채플린게임,2022-06-20,2022-07-07,청소년이용불가,DG-OM-22-00095,GRAC
21,22,CC-OM-220707-003,슬롯 용이여 일어나라 (slot Dragon Awaken),소프트센즈,2022-06-22,2022-07-07,청소년이용불가,DG-OM-22-00098,GRAC
22,23,CC-OM-220707-004,툰게임즈_슬롯즈(Toongames_Slots),다담은 주식회사,2022-06-24,2022-07-07,청소년이용불가,DG-OM-22-00100,GRAC
23,24,CC-OV-220707-001,Hokko Life,TEAM 17 DIGITAL LIMITED,2022-06-24,2022-07-07,전체이용가,DG-OV-22-00015,GRAC
24,25,CC-OV-220707-002,사무라이 메이든 ~SAMURAI MAIDEN~,Clouded Leopard Entertainment Inc.,2022-06-23,2022-07-07,15세이용가,DG-OV-22-00014,GRAC
25,26,CC-OV-220707-003,영웅전설 여의 궤적 II -CRIMSON SiN-(英雄伝説 黎の軌跡Ⅱ-CRIMSON SiN-),Clouded Leopard Entertainment Inc.,2022-06-24,2022-07-07,15세이용가,DG-OV-22-00016,GRAC
26,27,CC-NP-220714-001,무법지대,주식회사 봄날소프트,2022-06-24,2022-07-14,청소년이용불가,DG-NP-22-00164,GRAC
27,28,CC-NV-220714-001,BAYONETTA 3(베요네타 3),한국닌텐도 주식회사,2022-07-08,2022-07-14,청소년이용불가,DG-NV-22-00024,GRAC
28,29,CC-NA-220728-001,묻고더블로가,진소프트,2022-05-16,2022-07-28,청소년이용불가,DG-NA-22-00044,GRAC
29,30,CC-NA-220728-002,십이지신(十二支神),디에스시스템,2022-05-26,2022-07-28,청소년이용불가,DG-NA-22-00045,GRAC
30,31,CC-NA-220728-003,고래사냥포커,국민소프트,2022-06-16,2022-07-28,청소년이용불가,DG-NA-22-00050,GRAC
31,32,CC-NA-220728-004,三大將(삼대장),PJ전자,2022-06-30,2022-07-28,청소년이용불가,DG-NA-22-00054,GRAC
32,33,CC-NA-220728-005,지화자,원소프트,2022-06-30,2022-07-28,청소년이용불가,DG-NA-22-00055,GRAC
33,34,CC-NP-220728-001,NEW火龍天下(뉴화룡천하),일맥소프트,2022-01-25,2022-07-28,청소년이용불가,DG-NP-22-00017,GRAC
34,35,CC-NP-220728-002,PGA Tour 2K23 (피쥐에이 투어 투케이23),테이크투인터랙티브유한회사,2022-06-24,2022-07-28,청소년이용불가,DG-NP-22-00163,GRAC
35,36,CC-NP-220728-003,땅콩맞고(Peanut Matgo),위닝소프트,2022-06-22,2022-07-28,청소년이용불가,DG-NP-22-00159,GRAC
36,37,CC-NP-220728-004,땅콩바둑이(Peanut Baduki),위닝소프트,2022-06-22,2022-07-28,청소년이용불가,DG-NP-22-00160,GRAC
37,38,CC-NP-220728-005,땅콩포커(Peanut Poker),위닝소프트,2022-06-22,2022-07-28,청소년이용불가,DG-NP-22-00161,GRAC
38,39,CC-NP-220728-006,땅콩홀덤(Peanut Holdem),위닝소프트,2022-06-22,2022-07-28,청소년이용불가,DG-NP-22-00162,GRAC
39,40,CC-NP-220728-007,No Place For Bravery (노 플레이스 포 브레이버리),바다게임즈,2022-06-28,2022-07-28,청소년이용불가,DG-NP-22-00167,GRAC
40,41,CC-NP-220728-008,The Outer World: Spacer＇s Choice Edition (아우터 월드: 스페이서스 초이스 에디션),테이크투인터랙티브유한회사,2022-07-05,2022-07-28,청소년이용불가,DG-NP-22-00168,GRAC
41,42,CC-NP-220728-009,대항해시대 ORIGIN,라인게임즈 주식회사,2022-07-15,2022-07-28,청소년이용불가,DG-NP-22-00176,GRAC
42,43,CC-NP-220728-010,파워샷 맞고(POWERSHOT Matgo),(주)에프소프트,2022-07-07,2022-07-28,청소년이용불가,DG-NP-22-00171,GRAC
43,44,CC-NP-220728-011,파워샷 바둑이(POWERSHOT Baduki),(주)에프소프트,2022-07-07,2022-07-28,청소년이용불가,DG-NP-22-00170,GRAC
44,45,CC-NP-220728-012,파워샷 홀덤(POWERSHOT Holdem),(주)에프소프트,2022-07-07,2022-07-28,청소년이용불가,DG-NP-22-00172,GRAC
45,46,CC-NP-220728-013,파워샷 포커(POWERSHOT Poker),(주)에프소프트,2022-07-07,2022-07-28,청소년이용불가,DG-NP-22-00173,GRAC
46,47,CC-NP-220728-014,Evil West (이블 웨스트),(주)에이치투인터렉티브,2022-07-12,2022-07-28,청소년이용불가,DG-NP-22-00174,GRAC
47,48,CC-OM-220728-001,PK월드(PK world),주식회사 앤엑스유,2022-06-28,2022-07-28,청소년이용불가,DG-OM-22-00101,GRAC
48,49,CC-OM-220728-002,땅콩맞고M (peanutMatgoM),위닝소프트,2022-06-22,2022-07-28,청소년이용불가,DG-OM-22-00096,GRAC
49,50,CC-OM-220728-003,땅콩바둑이M (peanutBadukiM),위닝소프트,2022-06-22,2022-07-28,청소년이용불가,DG-OM-22-00097,GRAC
50,51,CC-OM-220728-004,"플레이포커 : 블랙카지노 슬롯, 홀덤, 바카라, 7포커, 로우바둑이",라이트컨,2022-06-22,2022-07-28,청소년이용불가,DG-OM-22-00099,GRAC
51,52,CC-OM-220728-005,픽메이커 포 인타임(PICKMAKER for INTIME)APP,㈜뱅크런,2022-07-12,2022-07-28,청소년이용불가,DG-OM-22-00106,GRAC
52,53,CC-OP-220728-001,The Secret of Retropolis,Peanut Button LTD,2022-07-08,2022-07-28,청소년이용불가,DG-OP-22-00027,GRAC
53,54,DS-NA-22-00007,바다신2,진소프트,2022-07-05,2022-07-07,등급거부(확정),,GRAC
54,55,DG-OM-22-00091,피망 카지노:로얄,주식회사 네오위즈,2022-06-15,2022-07-07,등급거부(예정),,GRAC
55,56,DG-NP-22-00139,2winchance (투윈챈스),주식회사 메타록,2022-06-08,2022-07-14,등급거부(예정),,GRAC
56,57,DS-NA-22-00008,아라비안2.2,SSS소프트웨어,2022-07-11,2022-07-14,등급거부(확정),,GRAC
57,58,DG-NA-22-00037,동해야,인스소프트,2022-05-03,2022-07-28,등급거부(예정),,GRAC
58,59,DG-NP-22-00175,다찌볼 슬롯(DOTGEBALL SLOT),주식회사 주엔터테인먼트,2022-07-14,2022-07-28,등급거부(예정),,GRAC
59,60,DS-NP-22-00008,2winchance (투윈챈스),주식회사 메타록,2022-07-20,2022-07-28,등급거부(확정),,GRAC
60,61,DS-OM-22-00007,피망 포커 : 카지노,주식회사 네오위즈,2022-06-20,2022-07-28,등급거부(확정),,GRAC
61,62,DU-NA-22-00003,띵호와,부해전자,2022-07-28,,등급분류취소(예정),,GRAC
62,63,DU-OM-22-00003,TheSeaBack(돌아온바다),푸른전자,2022-07-28,,등급분류취소(예정),,GRAC
63,64,DU-OM-22-00004,Under The Sea (언더더씨),김동현,2022-07-28,,등급분류취소(예정),,GRAC
64,65,DS-NP-22-00013,매그넘 맞고(Magma Matgo),DF ENTERTAINMENT,2022-06-23,2022-08-11,등급분류취소(확정),,GRAC
65,66,DS-NP-22-00012,매그넘 바둑이(Magma Baduki),DF ENTERTAINMENT,2022-06-23,2022-08-11,등급분류취소(확정),,GRAC
66,67,DS-NP-22-00011,매그넘 포커(Magma Poker),DF ENTERTAINMENT,2022-06-23,2022-08-11,등급분류취소(확정),,GRAC
67,68,DS-NP-22-00010,매그넘 홀덤(Magma Holdem,DF ENTERTAINMENT,2022-06-23,2022-08-11,등급분류취소(확정),,GRAC
68,69,DS-NA-22-00010,SeaTour Legend (씨투어 레전드),아이콘소프트,2022-06-23,2022-08-11,등급분류취소(확정),,GRAC
69,70,DS-OM-22-00009,Batwo(바투),포인트소프트웨어,2022-05-19,2022-08-11,등급분류취소(확정),,GRAC
70,71,DS-OM-22-00010,바다짱(badajjang),오륭전자,2022-06-10,2022-08-11,등급분류취소(확정),,GRAC
71,72,GC-CC-NP-220708-001,일루시온,(주)스마일게이트스토브,2022-06-20,2022-07-08,15세이용가,GC-DG-NP-22-00167,GCRB
72,73,GC-CC-NP-220708-002,INMOST (인모스트),(주)스마일게이트스토브,2022-06-20,2022-07-08,12세이용가,GC-DG-NP-22-00168,GCRB
73,74,GC-CC-NP-220708-003,The Escape : 공포의 예배당 (더 이스케이프 : 공포의 예배당),(주)스마일게이트스토브,2022-06-20,2022-07-08,12세이용가,GC-DG-NP-22-00169,GCRB
74,75,GC-CC-NP-220708-004,Lucky and a life worth living - a jigsaw puzzle tale (럭키와 멋진 삶- 직소 퍼즐 이야기),(주)스마일게이트스토브,2022-06-20,2022-07-08,전체이용가,GC-DG-NP-22-00171,GCRB
75,76,GC-CC-NP-220708-005,Buddy and Lucky Solitaire (버디 앤 럭키 솔리테어),(주)스마일게이트스토브,2022-06-20,2022-07-08,전체이용가,GC-DG-NP-22-00172,GCRB
76,77,GC-CC-NP-220708-006,How Buddy’s parents met - jigsaw puzzle (버디의 부모님은 어떻게 만났을까 - 직소 퍼즐 이야기),(주)스마일게이트스토브,2022-06-20,2022-07-08,전체이용가,GC-DG-NP-22-00173,GCRB
77,78,GC-CC-NP-220708-007,Magic Lessons in Wand Valley (완드 계곡의 마법 수업 - 직소 퍼즐 이야기),(주)스마일게이트스토브,2022-06-20,2022-07-08,전체이용가,GC-DG-NP-22-00174,GCRB
78,79,GC-CC-NP-220708-008,My Little Prince - a jigsaw puzzle tale (어린왕자 - 직소 퍼즐 이야기),(주)스마일게이트스토브,2022-06-20,2022-07-08,전체이용가,GC-DG-NP-22-00175,GCRB
79,80,GC-CC-NP-220708-009,Tactics Ogre: Reborn (택틱스 오거: 리본),반다이남코 엔터테인먼트 코리아(주),2022-06-20,2022-07-08,12세이용가,GC-DG-NP-22-00176,GCRB
80,81,GC-CC-NP-220708-015,DORAEMON STORY OF SEASONS Friends of the Great Kingdom (도라에몽 진구의 목장 이야기 대자연의 왕국과 모두의 집),반다이남코 엔터테인먼트 코리아(주),2022-06-21,2022-07-08,전체이용가,GC-DG-NP-22-00178,GCRB
81,82,GC-CC-NP-220708-017,The Sims™ 4 하이스쿨 라이프 (더 심즈 4 하이스쿨 라이프),일렉트로닉아츠코리아 (유),2022-06-22,2022-07-08,15세이용가,GC-DG-NP-22-00179,GCRB
82,83,GC-CC-NV-220708-001,The Sims™ 4 High School Years (The Sims™ 4 하이스쿨 라이프),일렉트로닉아츠코리아 (유),2022-06-22,2022-07-08,15세이용가,GC-DG-NV-22-00039,GCRB
83,84,GC-CC-NP-220708-014,Kona II: Brume (코나 II:안개),바다게임즈,2022-06-22,2022-07-08,15세이용가,GC-DG-NP-22-00180,GCRB
84,85,GC-CC-NV-220708-003,[Switch] 요마와리3: 떠도는 밤(夜廻三),주식회사 세가퍼블리싱코리아,2022-06-23,2022-07-08,15세이용가,GC-DG-NV-22-00040,GCRB
85,86,GC-CC-NP-220708-018,NBA 2K23 (엔비에이 투케이23),테이크투인터랙티브유한회사,2022-06-24,2022-07-08,12세이용가,GC-DG-NP-22-00181,GCRB
86,87,GC-CC-NV-220708-002,MARIO ＋ RABBIDS Sparks of Hope (마리오 ＋ 래비드 반짝이는 희망) Switch,유비소프트엔터테인먼트,2022-06-24,2022-07-08,전체이용가,GC-DG-NV-22-00041,GCRB
87,88,GC-CC-NP-220708-016,이터널 코쿤,(주)스마일게이트스토브,2022-06-24,2022-07-08,12세이용가,GC-DG-NP-22-00182,GCRB
88,89,GC-CC-NP-220708-019,Box to the Box (박스 투 더 박스),(주)스마일게이트스토브,2022-06-24,2022-07-08,전체이용가,GC-DG-NP-22-00183,GCRB
89,90,GC-CC-NP-220708-021,Galaxy Tales: Story of Rapunzel (갤럭시 테일즈: 스토리 오브 라푼젤),(주)스마일게이트스토브,2022-06-24,2022-07-08,전체이용가,GC-DG-NP-22-00184,GCRB
90,91,GC-CC-NP-220708-022,폭스레인저,주식회사 빅콤,2022-06-27,2022-07-08,전체이용가,GC-DG-NP-22-00185,GCRB
91,92,GC-CC-NP-220708-013,Alice in Wonderland - a jigsaw puzzle tale (이상한 나라의 앨리스 - 직소 퍼즐 이야기),(주)스마일게이트스토브,2022-06-27,2022-07-08,전체이용가,GC-DG-NP-22-00186,GCRB
92,93,GC-CC-NP-220708-012,Instant Farmer - Logic Puzzle (인스턴트 파머 - 로직 퍼즐),(주)스마일게이트스토브,2022-06-27,2022-07-08,전체이용가,GC-DG-NP-22-00187,GCRB
93,94,GC-CC-NP-220708-011,Pepo (페포),(주)스마일게이트스토브,2022-06-27,2022-07-08,전체이용가,GC-DG-NP-22-00188,GCRB
94,95,GC-CC-NP-220708-010,Peglin (페글린),(주)스마일게이트스토브,2022-06-27,2022-07-08,전체이용가,GC-DG-NP-22-00189,GCRB
95,96,GC-CC-NV-220708-004,Little Witch Nobeta (작은 마녀 노베타),(주) 에이치투인터렉티브,2022-06-28,2022-07-08,12세이용가,GC-DG-NV-22-00042,GCRB
96,97,GC-CC-NP-220708-024,ROCKMAN EXE ADVANCED COLLECTION (록맨 에그제 어드밴스드 컬렉션) Vol.2,게임피아,2022-06-28,2022-07-08,전체이용가,GC-DG-NP-22-00190,GCRB
97,98,GC-CC-NP-220708-023,ROCKMAN EXE ADVANCED COLLECTION (록맨 에그제 어드밴스드 컬렉션) Vol.1,게임피아,2022-06-28,2022-07-08,전체이용가,GC-DG-NP-22-00191,GCRB
98,99,GC-CC-NV-220708-005,ASTRO CITY mini V (아스트로시티 미니 V),(주)유니아나,2022-06-29,2022-07-08,15세이용가,GC-DG-NV-22-00043,GCRB
99,100,GC-CC-NP-220708-026,에이지 오브 솔리테어 : 문명 건설,에그타르트 주식회사,2022-07-01,2022-07-08,전체이용가,GC-DG-NP-22-00199,GCRB
100,101,GC-CC-NP-220708-020,Ceilless (천장리스),(주)스마일게이트스토브,2022-07-01,2022-07-08,전체이용가,GC-DG-NP-22-00192,GCRB
101,102,GC-CC-NP-220708-025,The Lord of the Rings™: Gollum™ (반지의 제왕™: 골룸™),(주) 에이치투인터렉티브,2022-07-01,2022-07-08,12세이용가,GC-DG-NP-22-00197,GCRB
102,103,GC-CC-NP-220722-001,트리플 판타지,주식회사 네오위즈,2022-06-21,2022-07-22,12세이용가,GC-DG-NP-22-00177,GCRB
103,104,GC-CC-NV-220722-001,초차원게임 넵튠 Sisters vs Sisters,(주) 에이치투인터렉티브,2022-06-30,2022-07-22,15세이용가,GC-DG-NV-22-00045,GCRB
104,105,GC-CC-NP-220722-004,Mists of Noyah (미스트 오브 노야),(주)스마일게이트스토브,2022-07-01,2022-07-22,12세이용가,GC-DG-NP-22-00193,GCRB
105,106,GC-CC-NP-220722-006,Flowers -Le volume sur printemps- (플라워즈 -봄편-),(주)스마일게이트스토브,2022-07-01,2022-07-22,12세이용가,GC-DG-NP-22-00194,GCRB
106,107,GC-CC-NP-220722-007,Flowers -Le volume sur ete- (플라워즈 -여름편-),(주)스마일게이트스토브,2022-07-01,2022-07-22,12세이용가,GC-DG-NP-22-00195,GCRB
107,108,GC-CC-NP-220722-008,Flowers -Le volume sur automne- (플라워즈 -가을편-),(주)스마일게이트스토브,2022-07-01,2022-07-22,12세이용가,GC-DG-NP-22-00196,GCRB
108,109,GC-CC-NP-220722-003,Lost Eidolons(로스트 아이돌론스),주식회사 오션드라이브스튜디오,2022-07-01,2022-07-22,15세이용가,GC-DG-NP-22-00198,GCRB
109,110,GC-CC-NP-220722-016,열혈경파 쿠니오군 외전 리버시티 걸즈 2,아크시스템웍스주식회사 아시아지점,2022-07-04,2022-07-22,12세이용가,GC-DG-NP-22-00200,GCRB
110,111,GC-CC-NP-220722-017,[PC] 소닉 프론티어(SONIC FRONTIERS),주식회사 세가퍼블리싱코리아,2022-07-06,2022-07-22,전체이용가,GC-DG-NP-22-00201,GCRB
111,112,GC-CC-NP-220722-002,Police Simulator: Patrol Officers (폴리스 시뮬레이터: 패트롤 오피서),(주)메이플라워엔터테인먼트,2022-07-06,2022-07-22,12세이용가,GC-DG-NP-22-00202,GCRB
112,113,GC-CC-NP-220722-018,Rune Teller (룬 텔러),코드라이프,2022-07-07,2022-07-22,12세이용가,GC-DG-NP-22-00204,GCRB
113,114,GC-CC-NV-220722-002,Ultra Kaiju Monster Rancher (울트라 괴수 몬스터팜),반다이남코 엔터테인먼트 코리아(주),2022-07-07,2022-07-22,전체이용가,GC-DG-NV-22-00046,GCRB
114,115,GC-CC-NP-220722-019,[PC]소울 해커즈 2(ソウルハッカーズ２),주식회사 세가퍼블리싱코리아,2022-07-07,2022-07-22,15세이용가,GC-DG-NP-22-00205,GCRB
115,116,GC-CC-NP-220722-021,던전클릭,아바타게임스튜디오,2022-07-12,2022-07-22,12세이용가,GC-DG-NP-22-00215,GCRB
116,117,GC-CC-NP-220722-011,Shift Quantum (시프트 퀀텀),(주)스마일게이트스토브,2022-07-12,2022-07-22,12세이용가,GC-DG-NP-22-00206,GCRB
117,118,GC-CC-NP-220722-009,Active DBG: Brave＇s Rage (브레이브 레이지),(주)스마일게이트스토브,2022-07-12,2022-07-22,12세이용가,GC-DG-NP-22-00207,GCRB
118,119,GC-CC-NP-220722-010,Nanotale-Typing Chronicles (나노테일-타이핑 크로니클),(주)스마일게이트스토브,2022-07-12,2022-07-22,전체이용가,GC-DG-NP-22-00208,GCRB
119,120,GC-CC-NP-220722-005,Immortal Life (이모탈 라이프),(주)스마일게이트스토브,2022-07-12,2022-07-22,전체이용가,GC-DG-NP-22-00209,GCRB
120,121,GC-CC-NP-220722-012,Between Time: Escape Room (비트윈 타임: 방탈출),(주)스마일게이트스토브,2022-07-12,2022-07-22,전체이용가,GC-DG-NP-22-00210,GCRB
121,122,GC-CC-NP-220722-013,Palindrome Syndrome: Escape Room (팰린드롬 신드롬: 방탈출),(주)스마일게이트스토브,2022-07-12,2022-07-22,전체이용가,GC-DG-NP-22-00211,GCRB
122,123,GC-CC-NP-220722-014,Regular Factory: Escape Room (레귤러 팩토리: 방탈출),(주)스마일게이트스토브,2022-07-12,2022-07-22,전체이용가,GC-DG-NP-22-00212,GCRB
123,124,GC-CC-NP-220722-015,Tested on Humans: Escape Room (테스티드 온 휴먼스: 방탈출),(주)스마일게이트스토브,2022-07-12,2022-07-22,전체이용가,GC-DG-NP-22-00213,GCRB
124,125,GC-CC-NP-220722-020,Marvel’s Spider-Man Remastered (마블스 스파이더맨 리마스터드) ＜PC＞,(주)소니인터랙티브엔터테인먼트코리아,2022-07-12,2022-07-22,15세이용가,GC-DG-NP-22-00214,GCRB
125,126,GC-CC-NV-220722-003,렛츠 겟 핏 (Let＇s Get Fit),아크시스템웍스주식회사 아시아지점,2022-07-12,2022-07-22,전체이용가,GC-DG-NV-22-00047,GCRB
126,1,CC-NP-220804-001,백의성 연애 증후군 RE:Therapy,(주)메이플라워엔터테인먼트,2022-06-20,2022-08-04,15세이용가,DG-NP-22-00155,GRAC
127,2,CC-NP-220804-002,고래왕2,부해전자,2022-07-07,2022-08-04,청소년이용불가,DG-NP-22-00169,GRAC
128,3,CC-NP-220804-003,엔포커(온라인) (N Poker (Online)),에스제이이앤엠(주),2022-07-19,2022-08-04,청소년이용불가,DG-NP-22-00178,GRAC
129,4,CC-NV-220804-001,Evil Dead: The Game (이블 데드: 더 게임),(주)에이치투인터렉티브,2022-07-14,2022-08-04,청소년이용불가,DG-NV-22-00025,GRAC
130,5,CC-OM-220804-001,Idle Distiller,Kano Applications Inc.,2022-07-26,2022-08-04,15세이용가,DG-OM-22-00116,GRAC
131,6,CC-OM-220804-002,Dead by Daylight Mobile(데드 바이 데이라이트 모바일),NetEase Interactive Entertainment Pte. Ltd.,2022-06-20,2022-08-04,청소년이용불가,DG-OM-22-00093,GRAC
132,7,CC-OM-220804-003,다크에덴 블러드워,HONG KONG BLACK BEARD GAME LIMITED,2022-07-11,2022-08-04,청소년이용불가,DG-OM-22-00105,GRAC
133,8,CC-OM-220804-004,지존삼국지,(주)플레이유씨,2022-07-11,2022-08-04,청소년이용불가,DG-OM-22-00104,GRAC
134,9,CC-OM-220804-005,엔포커(모바일) (N Poker(Mobile)),에스제이이앤엠(주),2022-07-19,2022-08-04,청소년이용불가,DG-OM-22-00110,GRAC
135,10,CC-OP-220804-001,IMMORTALITY,Half Mermaid,2022-07-14,2022-08-04,청소년이용불가,DG-OP-22-00028,GRAC
136,11,CC-OP-220804-002,우당탕탕 멍멍별,KAKU DIGITAL LIMITED,2022-07-07,2022-08-04,전체이용가,DG-OP-22-00026,GRAC
137,12,CC-NA-220811-001,DEMON(데몬),티랜드,2022-05-04,2022-08-11,전체이용가,DG-NA-22-00041,GRAC
138,13,CC-NA-220811-002,NEW POSEIDON(뉴포세이돈),아이앤유,2022-07-07,2022-08-11,전체이용가,DG-NA-22-00056,GRAC
139,14,CC-NP-220811-001,The Song of Saya (사야의 노래),스마일게이트스토브,2022-07-18,2022-08-11,청소년이용불가,DG-NP-22-00177,GRAC
140,15,CC-NP-220811-002,Lion(라이언),HC소프트,2022-07-20,2022-08-11,청소년이용불가,DG-NP-22-00179,GRAC
141,16,CC-NP-220811-003,[PC] 로스트 저지먼트: 심판받지 않은 기억,주식회사 세가퍼블리싱코리아,2022-08-08,2022-08-11,청소년이용불가,DG-NP-22-00192,GRAC
142,17,CC-OM-220811-001,New황금성,더게임,2022-03-16,2022-08-11,청소년이용불가,DG-OM-22-00058,GRAC
143,18,CC-OM-220811-002,Lion.m(라이언.m),HC소프트,2022-07-20,2022-08-11,청소년이용불가,DG-OM-22-00114,GRAC
144,19,CC-OP-220811-001,Scorn,Kepler Interactive,2022-07-20,2022-08-11,청소년이용불가,DG-OP-22-00030,GRAC
145,20,CC-NA-220818-001,우주전함V,참소프트,2021-12-15,2022-08-18,청소년이용불가,DG-NA-21-00204,GRAC
146,21,CC-NA-220818-002,黑龍城(흑룡성)포커2,굿모닝코리아,2022-06-16,2022-08-18,청소년이용불가,DG-NA-22-00048,GRAC
147,22,CC-NA-220818-003,불타오르는불새,굿모닝코리아,2022-06-16,2022-08-18,청소년이용불가,DG-NA-22-00049,GRAC
148,23,CC-NA-220818-004,슈퍼서유기(Super西遊記),해피 레져 산업,2022-06-23,2022-08-18,청소년이용불가,DG-NA-22-00051,GRAC
149,24,CC-NA-220818-005,METABOOTH (메타부스),주식회사앤에스파크,2022-08-11,2022-08-18,전체이용가,DG-NA-22-00065,GRAC
150,25,CC-NP-220818-001,콜 오브 듀티: 모던 워페어 II 2022 (Call of Duty: Modern Warfare II 2022),블리자드엔터테인먼트 유한회사,2022-08-04,2022-08-18,청소년이용불가,DG-NP-22-00187,GRAC
151,26,CC-NP-220818-002,A Plague Tale: Requiem (플래그 테일: 레퀴엠),(주)에이치투인터렉티브,2022-08-11,2022-08-18,청소년이용불가,DG-NP-22-00197,GRAC
152,27,CC-NP-220825-001,툰게임즈 슬롯즈(Toongames Slots),다담은 주식회사,2022-07-28,2022-08-25,청소년이용불가,DG-NP-22-00180,GRAC
153,28,CC-NP-220825-002,WAPLPokerS(더블유에이피엘포커에스),에이유엠컴퍼니,2022-08-01,2022-08-25,청소년이용불가,DG-NP-22-00181,GRAC
154,29,CC-NP-220825-003,Pentiment(펜티먼트),한국마이크로소프트(유),2022-08-05,2022-08-25,청소년이용불가,DG-NP-22-00188,GRAC
155,30,CC-NP-220825-004,화이트(White)게임 바둑이,드림 컴퍼니,2022-08-03,2022-08-25,청소년이용불가,DG-NP-22-00183,GRAC
156,31,CC-NP-220825-005,화이트(White)게임 맞고,드림 컴퍼니,2022-08-03,2022-08-25,청소년이용불가,DG-NP-22-00184,GRAC
157,32,CC-NP-220825-006,화이트(White)게임 홀덤,드림 컴퍼니,2022-08-03,2022-08-25,청소년이용불가,DG-NP-22-00185,GRAC
158,33,CC-NP-220825-007,화이트(White)게임 슬롯,드림 컴퍼니,2022-08-03,2022-08-25,청소년이용불가,DG-NP-22-00186,GRAC
159,34,CC-NP-220825-008,토토샾(TOTOSHARP),주식회사 레브게임즈,2022-08-08,2022-08-25,청소년이용불가,DG-NP-22-00189,GRAC
160,35,CC-NP-220825-009,나의 이혼 이야기,스마일게이트스토브,2022-08-10,2022-08-25,청소년이용불가,DG-NP-22-00196,GRAC
161,36,CC-NP-220825-010,[PC] 컴퍼니 오브 히어로즈 3(Company of Heroes 3),주식회사 세가퍼블리싱코리아,2022-08-09,2022-08-25,청소년이용불가,DG-NP-22-00194,GRAC
162,37,CC-NP-220825-011,DOOM(둠),한국마이크로소프트(유),2022-08-17,2022-08-25,청소년이용불가,DG-NP-22-00203,GRAC
163,38,CC-NP-220825-012,DOOM 3(둠 3),한국마이크로소프트(유),2022-08-17,2022-08-25,청소년이용불가,DG-NP-22-00204,GRAC
164,39,CC-NP-220825-013,블랙킹덤(BlackKingdom),알파포스원,2022-08-18,2022-08-25,청소년이용불가,DG-NP-22-00205,GRAC
165,40,CC-NP-220825-014,DOOM (1993)(둠 (1993)),한국마이크로소프트(유),2022-08-19,2022-08-25,청소년이용불가,DG-NP-22-00209,GRAC
166,41,CC-NV-220825-001,SILENT HILL: The Short Message (사일런트 힐 : 짧은 메시지),(주)유니아나,2022-08-19,2022-08-25,청소년이용불가,DG-NV-22-00026,GRAC
167,42,CC-OM-220825-001,안시성(Ansisung),히어로(Hero)엔터테이먼트,2022-07-14,2022-08-25,청소년이용불가,DG-OM-22-00107,GRAC
168,43,CC-OM-220825-002,WAPLPokerS(더블유에이피엘포커에스),에이유엠컴퍼니,2022-08-01,2022-08-25,청소년이용불가,DG-OM-22-00128,GRAC
169,44,CC-OM-220825-003,피의서약,(주)베가게임즈,2022-08-17,2022-08-25,청소년이용불가,DG-OM-22-00144,GRAC
170,45,CC-OM-220825-004,재밌는세븐포커,(주)바나나허브,2022-08-18,2022-08-25,청소년이용불가,DG-OM-22-00145,GRAC
171,46,CC-OP-220825-001,Serial Cleaners,505Games,2022-08-09,2022-08-25,청소년이용불가,DG-OP-22-00032,GRAC
172,47,CC-OV-220825-001,The Wonderful 101: Remastered,PlatinumGames Inc.,2022-06-30,2022-08-25,12세이용가,DG-OV-22-00017,GRAC
173,48,GC-CC-NP-220805-002,ConstructionSimulator(컨스트럭션시뮬레이터),(주)메이플라워엔터테인먼트,2022-07-06,2022-08-05,전체이용가,GC-DG-NP-22-00203,GCRB
174,49,GC-CC-NV-220805-001,NHL 23 (엔에이치엘 23),일렉트로닉아츠코리아 (유),2022-07-18,2022-08-05,12세이용가,GC-DG-NV-22-00048,GCRB
175,50,GC-CC-NP-220805-003,FIFA 23 (피파 23),일렉트로닉아츠코리아 (유),2022-07-18,2022-08-05,전체이용가,GC-DG-NP-22-00216,GCRB
176,51,GC-CC-NV-220805-002,FIFA 23 Legacy Edition (피파 23 레거시 에디션),일렉트로닉아츠코리아 (유),2022-07-18,2022-08-05,전체이용가,GC-DG-NV-22-00049,GCRB
177,52,GC-CC-NP-220805-001,YOU and ME and HER: A Love Story (당신과 그녀와 그녀의 사랑),(주)스마일게이트스토브,2022-07-19,2022-08-05,15세이용가,GC-DG-NP-22-00217,GCRB
178,53,GC-CC-NP-220805-004,Wetory (외톨이),(주)스마일게이트스토브,2022-07-19,2022-08-05,전체이용가,GC-DG-NP-22-00218,GCRB
179,54,GC-CC-NP-220805-006,eFootball 2023 (이풋볼 2023),(주)유니아나,2022-07-19,2022-08-05,전체이용가,GC-DG-NP-22-00221,GCRB
180,55,GC-CC-NP-220805-008,DreamWorks Dragons: Legends of the Nine Realms (드래곤 길들이기: 아홉 왕국의 전설),(주) 에이치투인터렉티브,2022-07-21,2022-08-05,전체이용가,GC-DG-NP-22-00222,GCRB
181,56,GC-CC-NP-220805-009,고담나이트(Gotham Knights)(PC),인플레이인터렉티브,2022-07-22,2022-08-05,15세이용가,GC-DG-NP-22-00223,GCRB
182,57,GC-CC-NP-220805-010,Romancing SaGa -Minstrel Song- Remastered (로맨싱 사가 -민스트럴 송- 리마스터),반다이남코 엔터테인먼트 코리아(주),2022-07-25,2022-08-05,12세이용가,GC-DG-NP-22-00224,GCRB
183,58,GC-CC-NV-220805-003,DRAGON QUEST TREASURES (드래곤 퀘스트 트레저즈 푸른 눈동자와 하늘의 나침반),반다이남코 엔터테인먼트 코리아(주),2022-07-25,2022-08-05,12세이용가,GC-DG-NV-22-00050,GCRB
184,59,GC-CC-NP-220805-005,야자,(주)스마일게이트스토브,2022-07-26,2022-08-05,15세이용가,GC-DG-NP-22-00225,GCRB
185,60,GC-CC-NP-220805-007,鬼谷八荒 Tale of Immortal (귀곡팔황),(주)스마일게이트스토브,2022-07-26,2022-08-05,15세이용가,GC-DG-NP-22-00226,GCRB
186,61,GC-CC-NP-220805-011,월드 오브 워크래프트®: 용군단,블리자드엔터테인먼트 유한회사,2022-07-26,2022-08-05,15세이용가,GC-DG-NP-22-00228,GCRB
187,62,GC-CC-NP-220805-012,월드 오브 워크래프트®:리치왕의 분노® 클래식,블리자드엔터테인먼트 유한회사,2022-07-26,2022-08-05,15세이용가,GC-DG-NP-22-00229,GCRB
188,63,GC-CC-NP-220805-013,Them’s Fightin’ Herds (뎀즈 파이팅 허즈),(주) 에이치투인터렉티브,2022-07-26,2022-08-05,전체이용가,GC-DG-NP-22-00230,GCRB
189,64,GC-CC-NP-220819-002,Teenage Mutant Ninja Turtles: The Cowabunga Collection(닌자 거북이 코와붕가 컬렉션),주식회사 블루닷네트웍스,2022-07-28,2022-08-19,12세이용가,GC-DG-NP-22-00231,GCRB
190,65,GC-CC-NP-220819-003,Squish (스퀴시),(주)스마일게이트스토브,2022-08-02,2022-08-19,전체이용가,GC-DG-NP-22-00232,GCRB
191,66,GC-CC-NV-220819-001,Just Dance 2023 Edition (저스트 댄스 2023 에디션) Nintendo Switch,유비소프트엔터테인먼트,2022-08-02,2022-08-19,전체이용가,GC-DG-NV-22-00051,GCRB
192,67,GC-CC-NP-220819-005,Grounded(그라운디드),한국마이크로소프트(유),2022-08-03,2022-08-19,12세이용가,GC-DG-NP-22-00233,GCRB
193,68,GC-CC-NP-220819-001,머지 : 더 리치,(주)휴먼웍스,2022-08-04,2022-08-19,전체이용가,GC-DG-NP-22-00234,GCRB
194,69,GC-CC-NV-220819-002,포켓몬스터스칼렛,한국닌텐도주식회사,2022-08-08,2022-08-19,전체이용가,GC-DG-NV-22-00053,GCRB
195,70,GC-CC-NV-220819-003,포켓몬스터바이올렛,한국닌텐도주식회사,2022-08-08,2022-08-19,전체이용가,GC-DG-NV-22-00054,GCRB
196,71,GC-CC-NP-220819-004,Epistory - Typing Chronicles (에피스토리 - 타이핑 크로니클),(주)스마일게이트스토브,2022-08-11,2022-08-19,전체이용가,GC-DG-NP-22-00236,GCRB
197,72,GC-CC-NP-220819-006,Chenso Club (첸소 클럽),(주) 에이치투인터렉티브,2022-08-11,2022-08-19,15세이용가,GC-DG-NP-22-00238,GCRB
198,73,GC-CC-NP-220819-007,Commandos 3 HD Remaster (코만도스 3 HD 리마스터),(주) 에이치투인터렉티브,2022-08-11,2022-08-19,15세이용가,GC-DG-NP-22-00239,GCRB
199,74,,동해야,인스소프트,2022-08-02,2022-08-04,등급거부,DS-NA-22-00009,GRAC
200,75,,토너먼트 홀덤,주식회사 위미소프트,2022-07-19,2022-08-18,등급거부,DG-OM-22-00109,GRAC
201,1,CC-NA-220901-001,물반고기반Poker,참소프트,2022-06-23,2022-09-01,청소년이용불가,DG-NA-22-00052,GRAC
202,2,CC-NA-220901-002,제우스전설,어뮤즈코리아,2022-07-08,2022-09-01,청소년이용불가,DG-NA-22-00058,GRAC
203,3,CC-NA-220901-003,올림푸스(OLYMPUS),하모니,2022-07-21,2022-09-01,청소년이용불가,DG-NA-22-00062,GRAC
204,4,CC-NA-220901-004,MIni Mini (미니미니 크레인),탑유통,2022-08-10,2022-09-01,전체이용가,DG-NA-22-00064,GRAC
205,5,CC-NP-220901-001,[PC] 저지 아이즈: 사신의 유언,주식회사 세가퍼블리싱코리아,2022-08-08,2022-09-01,청소년이용불가,DG-NP-22-00190,GRAC
206,6,CC-NP-220901-002,엘카인,주식회사 팀퀘스트(TestQueat),2022-08-16,2022-09-01,청소년이용불가,DG-NP-22-00199,GRAC
207,7,CC-NP-220901-003,Wolfenstein: The Old Blood(울펜슈타인: 디 올드 블러드),한국마이크로소프트(유),2022-08-16,2022-09-01,청소년이용불가,DG-NP-22-00201,GRAC
208,8,CC-NP-220901-004,DOOM II(둠 II),한국마이크로소프트(유),2022-08-18,2022-09-01,청소년이용불가,DG-NP-22-00207,GRAC
209,9,CC-NP-220901-005,The Dark Pictures Anthology: The Devil in Me(더 다크 픽처스 앤솔로지: 더 데빌 인 미),반다이남코엔터테인먼트코리아 주식회사,2022-08-26,2022-09-01,청소년이용불가,DG-NP-22-00216,GRAC
210,10,CC-NV-220901-001,Syphon Filter 3 (사이폰 필터 3) ＜PS5＞,(주)소니인터랙티브엔터테인먼트코리아,2022-08-24,2022-09-01,청소년이용불가,DG-NV-22-00028,GRAC
211,11,CC-NV-220901-002,Syphon Filter 3 (사이폰 필터 3) ＜PS4＞,(주)소니인터랙티브엔터테인먼트코리아,2022-08-24,2022-09-01,청소년이용불가,DG-NV-22-00029,GRAC
212,12,CC-OM-220901-001,Piggy GO - Clash of Coin,"HK FOREVER9 TECHNOLOGY CO.,LIMITED",2022-08-02,2022-09-01,12세이용가,DG-OM-22-00129,GRAC
213,13,CC-OM-220901-002,화이트(white)게임,드림 컴퍼니,2022-08-18,2022-09-01,청소년이용불가,DG-OM-22-00146,GRAC
214,14,CC-OM-220901-003,무기미도,ZIYI Group HK Limited.,2022-08-22,2022-09-01,15세이용가,DG-OM-22-00147,GRAC
215,15,CC-OP-220901-001,Eyes in the Dark: The Curious Case of One Victoria Bloom,Gearbox Publishing,2022-08-22,2022-09-01,전체이용가,DG-OP-22-00033,GRAC
216,16,CC-NA-220908-001,아라비안2.2,SSS소프트웨어,2022-07-20,2022-09-08,전체이용가,DG-NA-22-00061,GRAC
217,17,CC-NP-220908-001,베토반 (Betobahn),트립에이드,2022-01-21,2022-09-08,청소년이용불가,DG-NP-22-00014,GRAC
218,18,CC-NP-220908-002,APPLE 게임홀덤,엠G엔터,2022-05-03,2022-09-08,청소년이용불가,DG-NP-22-00103,GRAC
219,19,CC-NP-220908-003,APPLE게임 맞고,엠G엔터,2022-05-03,2022-09-08,청소년이용불가,DG-NP-22-00104,GRAC
220,20,CC-NP-220908-004,APPLE게임 바둑이,엠G엔터,2022-05-03,2022-09-08,청소년이용불가,DG-NP-22-00105,GRAC
221,21,CC-NP-220908-005,매드월드-어둠의 시대,주식회사 잔디소프트,2022-08-17,2022-09-08,청소년이용불가,DG-NP-22-00202,GRAC
222,22,CC-NP-220908-006,용의전설,해피 레져 산업,2022-08-08,2022-09-08,청소년이용불가,DG-NP-22-00191,GRAC
223,23,CC-NP-220908-007,Tom Clancy＇s The Division: Heartland (톰 클랜시의 더 디비전: 하트랜드) PC,유비소프트엔터테인먼트,2022-08-16,2022-09-08,청소년이용불가,DG-NP-22-00198,GRAC
224,24,CC-NP-220908-008,Quake Champions(퀘이크 챔피언스),한국마이크로소프트(유),2022-08-16,2022-09-08,청소년이용불가,DG-NP-22-00200,GRAC
225,25,CC-NP-220908-009,impick (아이엠픽),주식회사 메타록,2022-08-18,2022-09-08,청소년이용불가,DG-NP-22-00208,GRAC
226,26,CC-NP-220908-010,이글게임,엠제이엠컴퍼니,2022-08-24,2022-09-08,청소년이용불가,DG-NP-22-00211,GRAC
227,27,CC-NV-220908-001,The Callisto Protocol(칼리스토 프로토콜),(주)크래프톤,2022-08-24,2022-09-08,청소년이용불가,DG-NV-22-00027,GRAC
228,28,CC-OM-220908-001,달려라 공룡,"HONG KONG TANWAN INFORMATION TECHNOLOGY CO.,LIMITE",2022-07-22,2022-09-08,12세이용가,DG-OM-22-00115,GRAC
229,29,CC-OM-220908-002,바다의노래 (SeaSong),엠G엔터,2022-07-19,2022-09-08,청소년이용불가,DG-OM-22-00111,GRAC
230,30,CC-OM-220908-003,고래사냥 (WhaleHunting),엠G엔터,2022-07-19,2022-09-08,청소년이용불가,DG-OM-22-00112,GRAC
231,31,CC-OM-220908-004,행운의바다 (TheSeaOfFortune),엠G엔터,2022-07-19,2022-09-08,청소년이용불가,DG-OM-22-00113,GRAC
232,32,CC-OP-220908-001,Gungrave G.O.R.E,KochMedia,2022-08-08,2022-09-08,청소년이용불가,DG-OP-22-00031,GRAC
233,33,CC-OP-220908-002,Blanc,Gearbox Publishing,2022-08-29,2022-09-08,전체이용가,DG-OP-22-00034,GRAC
234,34,CC-OV-220908-001,Unspottable,GrosChevaux,2022-09-05,2022-09-08,전체이용가,DG-OV-22-00020,GRAC
235,35,CC-NA-220922-001,무사도 Poker,다온시스템,2022-06-28,2022-09-22,청소년이용불가,DG-NA-22-00053,GRAC
236,36,CC-NA-220922-002,동해야,인스소프트,2022-08-16,2022-09-22,청소년이용불가,DG-NA-22-00067,GRAC
237,37,CC-NP-220922-001,`하나`님의 캠퍼스 라이프!,스마일게이트스토브,2022-08-26,2022-09-22,청소년이용불가,DG-NP-22-00215,GRAC
238,38,CC-NP-220922-002,Sonicomi (소니코미),스마일게이트스토브,2022-09-14,2022-09-22,청소년이용불가,DG-NP-22-00225,GRAC
239,39,CC-NP-220922-003,Evil Wizard (이블 위저드),스마일게이트스토브,2022-09-02,2022-09-22,청소년이용불가,DG-NP-22-00221,GRAC
240,40,CC-NP-220922-004,워헤이븐 (Warhaven),주식회사 넥슨코리아,2022-09-06,2022-09-22,청소년이용불가,DG-NP-22-00223,GRAC
241,41,CC-NP-220922-005,리턴즈천년도깨비,알파포스원,2022-09-07,2022-09-22,청소년이용불가,DG-NP-22-00224,GRAC
242,42,CC-NP-220922-006,PUBG: BATTLEGROUNDS,(주)크래프톤,2022-09-15,2022-09-22,청소년이용불가,DG-NP-22-00228,GRAC
243,43,CC-NP-220922-007,"슬레인: 백 프롬 헬(Slain: Back from Hell, PC)",에픽게임즈코리아,2022-09-14,2022-09-22,청소년이용불가,DG-NP-22-00227,GRAC
244,44,CC-NV-220922-001,니디 걸 오버도즈 : NEEDY GIRL OVERDOSE,코멧소프트,2022-09-20,2022-09-22,청소년이용불가,DG-NV-22-00030,GRAC
245,45,CC-OM-220922-001,NETFLIX IMMORTALITY,Netflix Inc,2022-08-29,2022-09-22,청소년이용불가,DG-OM-22-00149,GRAC
246,46,CC-OM-220922-002,파이브고래(FiveWhale),오륭전자,2022-08-16,2022-09-22,청소년이용불가,DG-OM-22-00143,GRAC
247,47,CC-OM-220922-003,바이킹 액스(Viking AXE),윤규탁,2022-09-06,2022-09-22,청소년이용불가,DG-OM-22-00154,GRAC
248,48,CC-OM-220922-004,토토샵(TOTOSHARP)_모바일,주식회사 레브게임즈,2022-09-07,2022-09-22,청소년이용불가,DG-OM-22-00156,GRAC
249,49,CC-OM-220922-005,소녀전쟁: 환상의 천하통일전,"Tianlong Culture Technology Co., Ltd",2022-09-14,2022-09-22,청소년이용불가,DG-OM-22-00158,GRAC
250,50,CC-OM-220922-006,City of Crime:Gang Wars,FingerFun(HK)Limited,2022-08-30,2022-09-22,청소년이용불가,DG-OM-22-00151,GRAC
251,51,CC-OP-220922-001,ONI : 최고의 오니를 향한 여정,Clouded Leopard Entertainment Inc.,2022-09-19,2022-09-22,전체이용가,DG-OP-22-00036,GRAC
252,52,CC-OV-220922-001,Isonzo,WW1 Game Series B.V.,2022-07-13,2022-09-22,청소년이용불가,DG-OV-22-00018,GRAC
253,53,CC-NP-220929-001,퍼스트 디센던트 (The First Descendant),주식회사 넥슨코리아,2022-08-23,2022-09-29,청소년이용불가,DG-NP-22-00210,GRAC
254,54,CC-NP-220929-002,Monument (모뉴먼트),스마일게이트스토브,2022-09-26,2022-09-29,청소년이용불가,DG-NP-22-00238,GRAC
255,55,CC-NP-220929-003,The Darkest Tales (더 다키스트 테일즈),스마일게이트스토브,2022-09-19,2022-09-29,청소년이용불가,DG-NP-22-00229,GRAC
256,56,CC-NP-220929-004,BIOHAZARD RE:4 (바이오하자드 RE:4),게임피아(주),2022-09-22,2022-09-29,청소년이용불가,DG-NP-22-00232,GRAC
257,57,CC-OM-220929-001,소녀킹덤,Lokka Entertainment Hong Kong Limited,2022-07-14,2022-09-29,청소년이용불가,DG-OM-22-00108,GRAC
258,58,CC-OM-220929-002,Craft of Survival - Immortal,101XP LIMITED,2022-09-06,2022-09-29,청소년이용불가,DG-OM-22-00153,GRAC
259,59,CC-OM-220929-003,슈퍼윈포커_훌라,(주)넥스넷,2022-09-14,2022-09-29,청소년이용불가,DG-OM-22-00157,GRAC
260,60,CC-OM-220929-004,Last Labyrinth,AMATA K.K.,2022-09-26,2022-09-29,청소년이용불가,DG-OM-22-00172,GRAC
261,61,CC-OP-220929-001,Deep Rock Galactic,Ghost Ship Games ApS,2022-06-27,2022-09-29,청소년이용불가,DG-OP-22-00025,GRAC
262,62,CC-OV-220929-001,The Tale of Onogoro,AMATA K.K.,2022-09-14,2022-09-29,15세이용가,DG-OV-22-00021,GRAC
263,63,GC-CC-NP-220902-020,Who`s Who? (후즈후?),지원플레이그라운드,2022-08-29,2022-09-02,전체이용가,GC-DG-NP-22-00258,GCRB
264,64,GC-CC-NP-220902-019,WRC Generations - FIA WRC Official Game (WRC 제너레이션 - FIA 월드 랠리 챔피언십),(주)에이치투인터렉티브,2022-08-26,2022-09-02,전체이용가,GC-DG-NP-22-00256,GCRB
265,65,GC-CC-NV-220902-004,MOZART REQUIEM (모차르트 레퀴엠),게임피아(주),2022-08-24,2022-09-02,12세이용가,GC-DG-NV-22-00057,GCRB
266,66,GC-CC-NP-220902-018,아처리 랜드(Archery Land),주식회사 룩슨,2022-08-22,2022-09-02,전체이용가,GC-DG-NP-22-00252,GCRB
267,67,GC-CC-NP-220902-017,Sackboy A Big Adventure (색보이 어 빅 어드벤처) ＜PC＞,(주)소니인터랙티브엔터테인먼트코리아,2022-08-22,2022-09-02,전체이용가,GC-DG-NP-22-00253,GCRB
268,68,GC-CC-NV-220902-003,Dark Sword Battle Eternity(다크소드 : 무한전쟁),주식회사 컴투스로카,2022-08-26,2022-09-02,12세이용가,GC-DG-NV-22-00058,GCRB
269,69,GC-CC-NP-220902-016,TRIANGLE STRATEGY (트라이앵글 스트래티지),반다이남코엔터테인먼트코리아 주식회사,2022-08-19,2022-09-02,12세이용가,GC-DG-NP-22-00249,GCRB
270,70,GC-CC-NV-220902-002,THEATRHYTHM FINAL BAR LINE (시아트리듬 파이널 바 라인),반다이남코엔터테인먼트코리아 주식회사,2022-08-19,2022-09-02,12세이용가,GC-DG-NV-22-00056,GCRB
271,71,GC-CC-NV-220902-001,Tales of Symphonia Remastered(테일즈 오브 심포니아 리마스터),반다이남코엔터테인먼트코리아 주식회사,2022-08-19,2022-09-02,12세이용가,GC-DG-NV-22-00055,GCRB
272,72,GC-CC-NP-220902-015,PC Gundam Evolution(건담 에볼루션),반다이남코엔터테인먼트코리아 주식회사,2022-08-19,2022-09-02,12세이용가,GC-DG-NP-22-00248,GCRB
273,73,GC-CC-NP-220902-014,VARIOUS DAYLIFE (베리어스 데이라이프),반다이남코엔터테인먼트코리아 주식회사,2022-08-19,2022-09-02,12세이용가,GC-DG-NP-22-00247,GCRB
274,74,GC-CC-NP-220902-013,Voice of Cards: The Beasts of Burden (보이스 오브 카드: 더 비스트 오브 버든),반다이남코엔터테인먼트코리아 주식회사,2022-08-19,2022-09-02,12세이용가,GC-DG-NP-22-00246,GCRB
275,75,GC-CC-NP-220902-012,CRISIS CORE -FINAL FANTASY VII- REUNION (크라이시스 코어 -FINAL FANTASY VII- 리유니온),반다이남코엔터테인먼트코리아 주식회사,2022-08-19,2022-09-02,12세이용가,GC-DG-NP-22-00245,GCRB
276,76,GC-CC-NP-220902-011,SUPER BOMBERMAN R 2 (슈퍼 봄버맨 R 2),(주)유니아나,2022-08-22,2022-09-02,전체이용가,GC-DG-NP-22-00251,GCRB
277,77,GC-CC-NP-220902-010,Brewmaster: Beer Brewing Simulator(브루마스터: 맥주 양조 시뮬레이터),(주)에이치투인터렉티브,2022-08-24,2022-09-02,전체이용가,GC-DG-NP-22-00255,GCRB
278,78,GC-CC-NP-220902-009,Ghost Trick (고스트 트릭),게임피아(주),2022-08-19,2022-09-02,12세이용가,GC-DG-NP-22-00250,GCRB
279,79,GC-CC-NP-220902-008,룸즈 - 장난감 장인의 선택 (Rooms - The Toymaker＇s Mansion),넥스텝미디어주식회사,2022-08-18,2022-09-02,전체이용가,GC-DG-NP-22-00243,GCRB
280,80,GC-CC-NP-220902-007,레스큐 퀘스트 골드 (Rescue Quest Gold),넥스텝미디어주식회사,2022-08-18,2022-09-02,전체이용가,GC-DG-NP-22-00242,GCRB
281,81,GC-CC-NP-220902-006,Cult of the Lamb (컬트 오브 더 램),바다게임즈,2022-08-22,2022-09-02,15세이용가,GC-DG-NP-22-00254,GCRB
282,82,GC-CC-NP-220902-005,그녀의 세계,주식회사 테일즈샵,2022-08-16,2022-09-02,15세이용가,GC-DG-NP-22-00240,GCRB
283,83,GC-CC-NP-220902-004,천하제일검,주식회사킹콩소프트,2022-08-11,2022-09-02,15세이용가,GC-DG-NP-22-00237,GCRB
284,84,GC-CC-NP-220902-003,[PC] 페르소나3 포터블(PERSONA 3 PORTABLE),주식회사 세가퍼블리싱코리아,2022-08-18,2022-09-02,15세이용가,GC-DG-NP-22-00244,GCRB
285,85,GC-CC-NP-220902-002,메이플스토리M,주식회사 넥슨코리아,2022-08-09,2022-09-02,전체이용가,GC-DG-NP-22-00235,GCRB
286,86,GC-CC-NP-220902-001,소녀들의 은밀한 취미,스마일게이트스토브,2022-07-26,2022-09-02,15세이용가,GC-DG-NP-22-00227,GCRB
287,87,GC-CC-NV-220923-006,파이어 엠블렘 Engage(파이어 엠블렘 인게이지),한국닌텐도 주식회사,2022-09-16,2022-09-23,12세이용가,GC-DG-NV-22-00064,GCRB
288,88,GC-CC-NV-220923-005,AKAIKATANA SHIN (아카이카타나 진),(주)에이치투인터렉티브,2022-09-16,2022-09-23,12세이용가,GC-DG-NV-22-00063,GCRB
289,89,GC-CC-NV-220923-004,Sifu (시푸),(주)에이치투인터렉티브,2022-09-14,2022-09-23,15세이용가,GC-DG-NV-22-00062,GCRB
290,90,GC-CC-NP-220923-008,BLACKHOLE(블랙홀),세시소프트,2022-09-13,2022-09-23,전체이용가,GC-DG-NP-22-00264,GCRB
291,91,GC-CC-NP-220923-007,Park BEYOND(파크 비욘드),반다이남코엔터테인먼트코리아 주식회사,2022-09-07,2022-09-23,전체이용가,GC-DG-NP-22-00263,GCRB
292,92,GC-CC-NP-220923-006,아크마스터,주식회사킹콩소프트,2022-09-07,2022-09-23,15세이용가,GC-DG-NP-22-00262,GCRB
293,93,GC-CC-NV-220923-003,네오지오 포켓 컬러 셀렉션 Vol.2 (NEOGEO POCKET COLOR SELECTION Vol.2),주식회사 에스앤케이인터랙티브,2022-09-07,2022-09-23,12세이용가,GC-DG-NV-22-00060,GCRB
294,94,GC-CC-NP-220923-005,라이자의 아틀리에3 ~종극의 연금술사와 비밀의 열쇠~,(주)디지털터치,2022-09-02,2022-09-23,12세이용가,GC-DG-NP-22-00261,GCRB
295,95,GC-CC-NV-220923-002,별의 커비 Wii 디럭스,한국닌텐도 주식회사,2022-09-02,2022-09-23,전체이용가,GC-DG-NV-22-00059,GCRB
296,96,GC-CC-NP-220923-004,EXOPRIMAL (엑조프라이멀),게임피아(주),2022-09-02,2022-09-23,15세이용가,GC-DG-NP-22-00260,GCRB
297,97,GC-CC-NP-220923-003,에일리언 워,게임뮤지엄,2022-08-30,2022-09-23,전체이용가,GC-DG-NP-22-00259,GCRB
298,98,GC-CC-NP-220923-002,MOONBREAKER(문브레이커),(주)크래프톤,2022-08-29,2022-09-23,12세이용가,GC-DG-NP-22-00257,GCRB
299,99,GC-CC-NP-220923-001,Session: Skate Sim (세션: 스케이트 시뮬레이션),(주)에이치투인터렉티브,2022-08-17,2022-09-23,15세이용가,GC-DG-NP-22-00241,GCRB
300,100,GC-CC-NV-220923-001,포트리스 S,대원미디어(주),2022-08-08,2022-09-23,전체이용가,GC-DG-NV-22-00052,GCRB
301,101,,피망 카지노:로얄,주식회사 네오위즈,2022-07-18,2022-09-01,등급거부,DS-OM-22-00008,GRAC
302,102,,다찌볼 슬롯(DOTGEBALL SLOT),주식회사 주엔터테인먼트,2022-08-09,2022-09-01,등급거부,DS-NP-22-00009,GRAC
303,103,,메가스핀 (MEGASPIN),플라이소프트,2022-07-08,2022-09-22,등급거부,DG-OM-22-00103,GRAC
304,104,,도그하우스(TheDogHouse),에이치피(HP)엔터테인먼트,2022-07-27,2022-09-22,등급거부,DS-OM-22-00017,GRAC
305,105,,888드래곤즈(888Dragons),에이치피(HP)엔터테인먼트,2022-07-28,2022-09-22,등급거부,DS-OM-22-00018,GRAC
306,106,,머니머니머니(MoneyMoneyMoney),에이치피(HP)엔터테인먼트,2022-07-28,2022-09-22,등급거부,DS-OM-22-00021,GRAC
307,107,,스파르탄킹(SpartanKing),에이치피(HP)엔터테인먼트,2022-07-28,2022-09-22,등급거부,DS-OM-22-00022,GRAC
308,108,,아즈텍젬스(AztecGems),에이치피(HP)엔터테인먼트,2022-07-28,2022-09-22,등급거부,DS-OM-22-00019,GRAC
309,109,,트리플드래곤즈(TripleDragons),에이치피(HP)엔터테인먼트,2022-07-28,2022-09-22,등급거부,DS-OM-22-00023,GRAC
310,110,,푸푸푸(FuFuFu),에이치피(HP)엔터테인먼트,2022-07-28,2022-09-22,등급거부,DS-OM-22-00020,GRAC
311,111,,와일드웨스트골드(WildWestGold),에이치피(HP)엔터테인먼트,2022-08-08,2022-09-22,등급거부,DS-OM-22-00026,GRAC
312,112,,죽은자의귀환(ReturnOfTheDead),에이치피(HP)엔터테인먼트,2022-08-08,2022-09-22,등급거부,DS-OM-22-00025,GRAC
313,113,,판다의행운(Panda’sFortune),에이치피(HP)엔터테인먼트,2022-08-08,2022-09-22,등급거부,DS-OM-22-00027,GRAC
314,114,,핫피에스타(HotFiesta),에이치피(HP)엔터테인먼트,2022-08-08,2022-09-22,등급거부,DS-OM-22-00024,GRAC
315,115,,골드트레인(GoldTrain),에이치피(HP)엔터테인먼트,2022-09-13,2022-09-22,등급거부,DS-OM-22-00014,GRAC
316,116,,그레이트라이노(GreatRhino),에이치피(HP)엔터테인먼트,2022-09-13,2022-09-22,등급거부,DS-OM-22-00011,GRAC
317,117,,에잇드래곤즈(EightDragons),에이치피(HP)엔터테인먼트,2022-09-13,2022-09-22,등급거부,DS-OM-22-00013,GRAC
318,118,,타이거워리어(TheTigerWarrior),에이치피(HP)엔터테인먼트,2022-09-13,2022-09-22,등급거부,DS-OM-22-00012,GRAC
319,119,,바다신2,진소프트,2022-09-27,2022-09-29,등급거부,DS-NA-22-00012,GRAC
320,120,,토너먼트 홀덤,주식회사 위미소프트,2022-07-19,2022-09-29,등급거부,DS-OM-22-00028,GRAC
321,1,CC-NA-221103-001,황궁성Poker,월드콘텐츠,2022-08-11,2022-11-03,청소년이용불가,DG-NA-22-00066,GRAC
322,2,CC-NA-221103-002,파워 불새,(주)오뚜기소프트,2022-08-23,2022-11-03,청소년이용불가,DG-NA-22-00069,GRAC
323,3,CC-NA-221103-003,전설의 불새,(주)오뚜기소프트,2022-08-23,2022-11-03,청소년이용불가,DG-NA-22-00070,GRAC
324,4,CC-NA-221103-004,과일나라 플러스,아이앤유,2022-09-23,2022-11-03,전체이용가,DG-NA-22-00077,GRAC
325,5,CC-NA-221103-005,이집트(EGYPT),하모니,2022-09-26,2022-11-03,청소년이용불가,DG-NA-22-00078,GRAC
326,6,CC-NP-221103-001,Dead Space (데드 스페이스),일렉트로닉아츠코리아(유),2022-10-24,2022-11-03,청소년이용불가,DG-NP-22-00257,GRAC
327,7,CC-NP-221103-002,Call of Duty: Warzone 2.0 (콜 오브 듀티: 워존 2.0),블리자드엔터테인먼트 유한회사,2022-10-13,2022-11-03,청소년이용불가,DG-NP-22-00250,GRAC
328,8,CC-NP-221103-003,"Papers, Please (페이퍼즈, 플리즈)",바다게임즈,2022-10-17,2022-11-03,청소년이용불가,DG-NP-22-00253,GRAC
329,9,CC-NP-221103-004,림버스 컴퍼니,(주)프로젝트문,2022-10-17,2022-11-03,청소년이용불가,DG-NP-22-00254,GRAC
330,10,CC-NP-221103-005,The Callisto Protocol(칼리스토 프로토콜),(주)크래프톤,2022-10-24,2022-11-03,청소년이용불가,DG-NP-22-00258,GRAC
331,11,CC-NV-221103-001,크로스파이어X,(주)스마일게이트 엔터테인먼트,2022-10-27,2022-11-03,청소년이용불가,DG-NV-22-00032,GRAC
332,12,CC-NV-221103-002,Life is Strange 2 (라이프 이즈 스트레인지 2),반다이남코엔터테인먼트코리아 주식회사,2022-10-26,2022-11-03,청소년이용불가,DG-NV-22-00031,GRAC
333,13,CC-OM-221103-001,Netflix Twelve Minutes,Netflix Inc,2022-10-27,2022-11-03,청소년이용불가,DG-OM-22-00202,GRAC
334,14,CC-OM-221103-002,라이트닝 파이터 2,"Uwan Co., Ltd.",2022-10-28,2022-11-03,전체이용가,DG-OM-22-00203,GRAC
335,15,CC-OM-221103-003,천상비M,세시소프트,2022-10-12,2022-11-03,청소년이용불가,DG-OM-22-00184,GRAC
336,16,CC-OM-221103-004,Secret Crossing : 위험한 재배,주식회사 스토리타코,2022-10-12,2022-11-03,청소년이용불가,DG-OM-22-00183,GRAC
337,17,CC-OM-221103-005,피망 로우바둑이 : 카카오게임 대표 포커,주식회사 네오위즈,2022-10-18,2022-11-03,청소년이용불가,DG-OM-22-00190,GRAC
338,18,CC-OM-221103-006,피망 로우바둑이 : 카지노로얄,주식회사 네오위즈,2022-10-18,2022-11-03,청소년이용불가,DG-OM-22-00192,GRAC
339,19,CC-OM-221103-007,피망 하이로우 : 카카오게임 대표 포커,주식회사 네오위즈,2022-10-18,2022-11-03,청소년이용불가,DG-OM-22-00191,GRAC
340,20,CC-OM-221103-008,피망 하이로우 : 카지노로얄,주식회사 네오위즈,2022-10-18,2022-11-03,청소년이용불가,DG-OM-22-00193,GRAC
341,21,CC-OP-221103-001,트레인 킹,KAKU DIGITAL LIMITED,2022-10-18,2022-11-03,전체이용가,DG-OP-22-00042,GRAC
342,22,GC-CC-NP-221104-001,Minecraft Legends(마인크래프트 레전드),한국마이크로소프트(유),2022-10-13,2022-11-04,12세 이용가,GC-DG-NP-22-00287,GCRB
343,23,GC-CC-NP-221104-002,Suikoden I HD REMASTER (환상수호전 I HD 리마스터),(주)유니아나,2022-10-14,2022-11-04,12세 이용가,GC-DG-NP-22-00289,GCRB
344,24,GC-CC-NP-221104-003,Suikoden II HD REMASTER (환상수호전 II HD 리마스터),(주)유니아나,2022-10-14,2022-11-04,12세 이용가,GC-DG-NP-22-00290,GCRB
345,25,GC-CC-NP-221104-004,Suikoden I ＆ II HD REMASTER (환상수호전 I ＆ II HD 리마스터),(주)유니아나,2022-10-14,2022-11-04,12세 이용가,GC-DG-NP-22-00291,GCRB
346,26,GC-CC-NP-221104-005,Blood Bowl 3 (블러드 보울 3),(주) 에이치투인터렉티브,2022-10-17,2022-11-04,15세 이용가,GC-DG-NP-22-00293,GCRB
347,27,GC-CC-NP-221104-006,DIGIMON WORLD -next 0rder- (디지몬 월드 넥스트 오더),반다이남코 엔터테인먼트 코리아(주),2022-10-18,2022-11-04,12세 이용가,GC-DG-NP-22-00294,GCRB
348,28,GC-CC-NP-221104-007,Marvel’s Spider-Man: Miles Morales (마블스 스파이더맨: 마일즈 모랄레스) ＜PC＞,(주)소니인터랙티브엔터테인먼트코리아,2022-10-21,2022-11-04,15세 이용가,GC-DG-NP-22-00296,GCRB
349,29,GC-CC-NP-221104-008,블루프로토콜(BLUE PROTOCOL),(주)스마일게이트 메가포트,2022-10-21,2022-11-04,15세 이용가,GC-DG-NP-22-00295,GCRB
350,30,GC-CC-NP-221104-009,삼국지 서바이버즈(Survivors: Three Kingdoms),(주) 티쓰리엔터테인먼트,2022-10-21,2022-11-04,12세 이용가,GC-DG-NP-22-00297,GCRB
351,31,GC-CC-NP-221104-010,트리 오브 세이비어 M,(주)아이엠씨게임즈,2022-10-26,2022-11-04,15세 이용가,GC-DG-NP-22-00299,GCRB
352,32,GC-CC-NP-221104-011,LAPIN,스튜디오 두달,2022-10-31,2022-11-04,전체이용가,GC-DG-NP-22-00300,GCRB
353,33,GC-CC-NV-221104-001,나이츠 인 더 나이트메어,아크시스템웍스주식회사 아시아지점,2022-10-11,2022-11-04,12세 이용가,GC-DG-NV-22-00069,GCRB
354,34,GC-CC-NV-221104-002,[Switch] 루프 에이트(LOOP8),주식회사 세가퍼블리싱코리아,2022-10-19,2022-11-04,12세 이용가,GC-DG-NV-22-00070,GCRB
355,35,GC-CC-NV-221104-003,Swoon! Earth Escape (스운! 어스 이스케이프),게임피아,2022-10-31,2022-11-04,전체이용가,GC-DG-NV-22-00071,GCRB
356,36,CC-OM-221110-001,범: 낭만의 시대,주식회사 엔드나인게임즈,2022-10-28,2022-11-10,청소년이용불가,DG-OM-22-00204,GRAC
357,37,CC-OV-221110-001,LOST EPIC,One or Eight INC.,2022-10-25,2022-11-10,15세 이용가,DG-OV-22-00025,GRAC
358,38,CC-NA-221110-001,PlaySingledance(플레이싱글댄스),주식회사퍼니랜드,2022-09-29,2022-11-10,전체이용가,DG-NA-22-00080,GRAC
359,39,CC-NA-221110-002,PlayCircledance(플레이서클댄스),주식회사퍼니랜드,2022-09-29,2022-11-10,전체이용가,DG-NA-22-00081,GRAC
360,40,CC-NP-221110-001,2WIN GAMES SLOTS(투윈게임즈 슬롯),(주)유시스트,2022-08-09,2022-11-10,청소년이용불가,DG-NP-22-00195,GRAC
361,41,CC-NP-221110-002,스포빌리(SPObilli),주식회사게임브레드,2022-09-22,2022-11-10,청소년이용불가,DG-NP-22-00235,GRAC
362,42,CC-NP-221110-003,Dead Island 2 (데드 아일랜드 2),(주)에이치투인터렉티브,2022-10-27,2022-11-10,청소년이용불가,DG-NP-22-00261,GRAC
363,43,CC-OM-221117-001,보나스포츠 모바일,에스엠소프트,2022-09-23,2022-11-17,청소년이용불가,DG-OM-22-00169,GRAC
364,44,CC-OM-221117-002,오광더블,주식회사 아케이드박스,2022-09-22,2022-11-17,청소년이용불가,DG-OM-22-00164,GRAC
365,45,CC-OM-221117-003,에이스통 모바일,에스엠소프트,2022-09-23,2022-11-17,청소년이용불가,DG-OM-22-00170,GRAC
366,46,CC-OM-221117-004,스포츠게이트 모바일,에스엠소프트,2022-09-23,2022-11-17,청소년이용불가,DG-OM-22-00171,GRAC
367,47,CC-OM-221117-005,Into the Dead 2: Unleashed,Netflix Inc,2022-10-24,2022-11-17,청소년이용불가,DG-OM-22-00200,GRAC
368,48,CC-OM-221117-006,AA 맞고M(AA MatgoM),칼리포스,2022-10-07,2022-11-17,청소년이용불가,DG-OM-22-00179,GRAC
369,49,CC-OM-221117-007,AA 바둑이M(AA BadukiM),칼리포스,2022-10-07,2022-11-17,청소년이용불가,DG-OM-22-00180,GRAC
370,50,CC-OM-221117-008,시드포커,주식회사 위드와이드,2022-10-14,2022-11-17,청소년이용불가,DG-OM-22-00188,GRAC
371,51,CC-OM-221117-009,피망 고스톱 : 카카오맞고 대표 고스톱,주식회사 네오위즈,2022-10-24,2022-11-17,청소년이용불가,DG-OM-22-00196,GRAC
372,52,CC-OM-221117-010,피망 고스톱 : 대한민국 1등 고스톱,주식회사 네오위즈,2022-10-24,2022-11-17,청소년이용불가,DG-OM-22-00198,GRAC
373,53,CC-OM-221117-011,피망 맞고 : 카카오맞고 대표 고스톱,주식회사 네오위즈,2022-10-24,2022-11-17,청소년이용불가,DG-OM-22-00197,GRAC
374,54,CC-OM-221117-012,피망 맞고 : 대한민국 1등 고스톱,주식회사 네오위즈,2022-10-24,2022-11-17,청소년이용불가,DG-OM-22-00199,GRAC
375,55,CC-OP-221117-001,와작와작 대작전,KAKU DIGITAL LIMITED,2022-11-10,2022-11-17,전체이용가,DG-OP-22-00044,GRAC
376,56,CC-NA-221117-001,위자드포커(Wizard Poker),주식회사 바로전자,2021-07-22,2022-11-17,청소년이용불가,DG-NA-21-00137,GRAC
377,57,CC-NA-221117-002,WaterPark(워터파크),신창어뮤즈먼트,2022-09-20,2022-11-17,전체이용가,DG-NA-22-00075,GRAC
378,58,CC-NA-221117-003,THE WALKING DEAD Ver.01.14 (더 워킹데드 Ver.01.14),(주)유니아나,2022-10-25,2022-11-17,전체이용가,DG-NA-22-00087,GRAC
379,59,CC-NP-221117-001,CUCKOLD SIMULATOR: Life as a Beta Male Cuck (뻐꾸기남 시뮬레이터),스마일게이트스토브,2022-10-26,2022-11-17,청소년이용불가,DG-NP-22-00260,GRAC
380,60,CC-NP-221117-002,레드블랙 월드 : RedBlack World,(주식회사)위드블랙,2022-10-31,2022-11-17,청소년이용불가,DG-NP-22-00263,GRAC
381,61,CC-NP-221117-003,제천대성(薺天大聖)CD,가나시스템,2022-11-10,2022-11-17,청소년이용불가,DG-NP-22-00270,GRAC
382,62,CC-NP-221117-004,Furies ＆ Magazines (퓨리스 앤 매거진스),스마일게이트스토브,2022-11-10,2022-11-17,청소년이용불가,DG-NP-22-00273,GRAC
383,63,GC-CC-NP-221118-001,마그넷 프렌즈,(주)휴먼웍스,2022-11-03,2022-11-18,전체이용가,GC-DG-NP-22-00306,GCRB
384,64,GC-CC-NP-221118-002,STREET FIGHTER 6 (스트리트 파이터 6),게임피아,2022-10-24,2022-11-18,15세 이용가,GC-DG-NP-22-00298,GCRB
385,65,GC-CC-NP-221118-003,EA Sports PGA Tour (이에이 스포츠 피지에이 투어),일렉트로닉아츠코리아 (유),2022-11-04,2022-11-18,전체이용가,GC-DG-NP-22-00307,GCRB
386,66,GC-CC-NP-221118-004,Skiing VR (스키 VR),(주)스마일게이트스토브,2022-11-01,2022-11-18,전체이용가,GC-DG-NP-22-00303,GCRB
387,67,GC-CC-NP-221118-005,SOUND VOLTEX EXCEED GEAR (사운드 볼텍스 익시드 기어),(주)유니아나,2022-11-01,2022-11-18,15세 이용가,GC-DG-NP-22-00304,GCRB
388,68,GC-CC-NP-221118-006,AKAIKATANA SHIN (아카이카타나 진),(주) 에이치투인터렉티브,2022-11-03,2022-11-18,12세 이용가,GC-DG-NP-22-00305,GCRB
389,69,GC-CC-NP-221118-007,아름담다,주식회사 아름담다,2022-11-11,2022-11-18,전체이용가,GC-DG-NP-22-00310,GCRB
390,70,GC-CC-NP-221118-008,Ib(이브),주식회사 블루닷네트웍스,2022-11-07,2022-11-18,12세 이용가,GC-DG-NP-22-00308,GCRB
391,71,GC-CC-NV-221118-001,Ace Angler 낚시 스피릿 파닥파닥 즐거운 수족관,반다이남코 엔터테인먼트 코리아(주),2022-10-31,2022-11-18,전체이용가,GC-DG-NV-22-00072,GCRB
392,72,GC-CC-NV-221118-002,젤다의 전설 티어스 오브 더 킹덤,한국닌텐도주식회사,2022-11-03,2022-11-18,12세 이용가,GC-DG-NV-22-00073,GCRB
393,73,GC-CC-NV-221118-003,[Switch] 룬 팩토리 3 스페셜(Rune Factory 3 Special),주식회사 세가퍼블리싱코리아,2022-11-03,2022-11-18,전체이용가,GC-DG-NV-22-00074,GCRB
394,74,CC-OM-221124-001,슈퍼윈포커_홀덤토너먼트,(주)넥스넷,2022-11-07,2022-11-24,청소년이용불가,DG-OM-22-00206,GRAC
395,75,CC-OM-221124-002,Heaven Burns Red(헤븐 번즈 레드),피티더블유코리아 주식회사,2022-11-14,2022-11-24,12세 이용가,DG-OM-22-00209,GRAC
396,76,CC-OP-221124-001,뛰어요 찹살묘찌,KAKU DIGITAL LIMITED,2022-11-17,2022-11-24,전체이용가,DG-OP-22-00045,GRAC
397,77,CC-OV-221124-001,도라에몽　도라Think 진구의 두근두근 두뇌 어드벤처」,"SHOGAKUKAN, INC.",2022-11-17,2022-11-24,전체이용가,DG-OV-22-00026,GRAC
398,78,CC-NA-221124-001,Catch(캐치),주식회사 더보리,2022-11-03,2022-11-24,전체이용가,DG-NA-22-00089,GRAC
399,79,CC-NA-221124-002,Catch(캐치)2,주식회사 더보리,2022-11-03,2022-11-24,전체이용가,DG-NA-22-00090,GRAC
400,80,CC-NA-221124-003,Surprised(서프라이즈),제이엠케이테크,2022-11-10,2022-11-24,전체이용가,DG-NA-22-00092,GRAC
401,81,CC-NP-221124-001,AA 맞고(AA Matgo),칼리포스,2022-10-05,2022-11-24,청소년이용불가,DG-NP-22-00246,GRAC
402,82,CC-NP-221124-002,AA 바둑이(AA Baduki),칼리포스,2022-10-05,2022-11-24,청소년이용불가,DG-NP-22-00247,GRAC
403,83,CC-NP-221124-003,AA 포커(AA Poker),칼리포스,2022-10-05,2022-11-24,청소년이용불가,DG-NP-22-00248,GRAC
404,84,CC-NP-221124-004,AA 홀덤(AA Holdem),칼리포스,2022-10-05,2022-11-24,청소년이용불가,DG-NP-22-00249,GRAC
405,85,CC-NP-221124-005,백송(白松),신화전자,2022-10-24,2022-11-24,청소년이용불가,DG-NP-22-00259,GRAC
406,86,CC-NP-221124-006,러브인 로그인,스마일게이트스토브,2022-11-10,2022-11-24,청소년이용불가,DG-NP-22-00271,GRAC
407,87,CC-NP-221124-007,Your Blight (유어 블라이트),스마일게이트스토브,2022-11-10,2022-11-24,청소년이용불가,DG-NP-22-00272,GRAC
408,88,CC-NP-221124-008,뉴 타타맞고 ,(주)컴투스타이젬,2022-11-11,2022-11-24,청소년이용불가,DG-NP-22-00274,GRAC
409,89,CC-NP-221124-009,Wo Long: Fallen Dynasty (워롱: 폴른 다이내스티),(주)디지털터치,2022-11-15,2022-11-24,청소년이용불가,DG-NP-22-00280,GRAC
410,90,CC-NP-221124-010,"샾게임 홀덤 (#게임 홀덤, SHARP GAME HOLDEM, #GAME HOLDEM)",주식회사 레브게임즈,2022-11-14,2022-11-24,청소년이용불가,DG-NP-22-00277,GRAC
411,91,CC-NP-221124-011,"샾게임 포커 (#게임 포커, SHARP GAME POKER, #GAME POKER)",주식회사 레브게임즈,2022-11-14,2022-11-24,청소년이용불가,DG-NP-22-00278,GRAC
412,92,CC-NP-221124-012,"샾게임 바둑이 (#게임 바둑이, SHARP GAME BADUGI, #GAME BADUGI)",주식회사 레브게임즈,2022-11-14,2022-11-24,청소년이용불가,DG-NP-22-00279,GRAC
413,93,CC-NV-221124-001,데드크래프트 (DEADCRAFT),아크시스템웍스주식회사 아시아지점,2022-11-15,2022-11-24,청소년이용불가,DG-NV-22-00033,GRAC
414,94,CC-NV-221124-002,Splatter - Zombiecalypse Now (스플래터 - 좀비칼립스 나우) ,(주)디지털터치,2022-11-17,2022-11-24,청소년이용불가,DG-NV-22-00035,GRAC
415,95,,메가스핀 (MEGASPIN),플라이소프트,2022-07-08,2022-11-10,등급거부,DS-OM-22-00029,GRAC
416,96,,아트휠 - 마호,,2022-11-08,2022-11-10,등급거부,DG-NP-22-00264,GRAC
417,97,,타이거워리어(TheTigerWarrior),에이치피(HP)엔터테인먼트,2022-09-23,2022-11-10,등급거부,DS-OM-22-00030,GRAC
418,98,,파스타 맞고 (Pasta Matgo),애저소프트,2022-08-31,2022-11-10,등급거부,DG-NP-22-00217,GRAC
419,99,,파스타 바둑이 (Pasta Baduki),애저소프트,2022-08-31,2022-11-10,등급거부,DG-NP-22-00218,GRAC
420,100,,파스타 홀덤(Pasta Holdem),애저소프트,2022-08-31,2022-11-10,등급거부,DG-NP-22-00220,GRAC
421,101,,파스타 홀덤바둑이 (Pasta HoldemBaduki),애저소프트,2022-08-31,2022-11-10,등급거부,DG-NP-22-00219,GRAC
422,102,,KBL Fantasy (케이비엘 판타지),(사)케이비엘,2022-10-13,2022-11-17,등급거부,DS-NP-22-00024,GRAC
423,103,,Sabbat of the Witch (사노바위치),스마일게이트스토브,2022-09-14,2022-11-17,등급거부,DS-NP-22-00026,GRAC
424,1,CC-NA-221006-001,도깨비포커(Dokkaebi Poker),원소프트,2022-07-26,2022-10-06,청소년이용불가,DG-NA-22-00063,GRAC
425,2,CC-NA-221006-002,NewMiniToy(뉴미니토이),지앤지어뮤즈먼트(G＆G),2022-09-14,2022-10-06,전체이용가,DG-NA-22-00071,GRAC
426,3,CC-NA-221006-003,GOOD＆FUNNY(굿앤퍼니),신창어뮤즈먼트,2022-09-20,2022-10-06,전체이용가,DG-NA-22-00073,GRAC
427,4,CC-NA-221006-004,MINI BABY(미니베이비),신창어뮤즈먼트,2022-09-20,2022-10-06,전체이용가,DG-NA-22-00074,GRAC
428,5,CC-NA-221006-005,Mini Boutique(미니 부티끄 크레인),탑유통,2022-09-23,2022-10-06,전체이용가,DG-NA-22-00076,GRAC
429,6,CC-NP-221006-001,와백경(WahBaekGyeong),보라미디어,2022-09-22,2022-10-06,청소년이용불가,DG-NP-22-00233,GRAC
430,7,CC-NP-221006-002,아키에이지 워,(주)카카오게임즈,2022-09-23,2022-10-06,청소년이용불가,DG-NP-22-00236,GRAC
431,8,CC-OM-221006-001,돌핀 스토리(Dolphin Story),,2022-09-06,2022-10-06,청소년이용불가,DG-OM-22-00155,GRAC
432,9,CC-OM-221006-002,홀덤라이브_바카라(Holdem Live_Baccarat),주식회사 스포피드,2022-09-15,2022-10-06,청소년이용불가,DG-OM-22-00159,GRAC
433,10,CC-OP-221006-001,클릭클릭 농장,KAKU DIGITAL LIMITED,2022-09-23,2022-10-06,전체이용가,DG-OP-22-00037,GRAC
434,11,GC-CC-NP-221007-001,Need for Speed™ Unbound (니드포스피드 언바운드),일렉트로닉아츠코리아 (유),2022-09-20,2022-10-07,12세 이용가,GC-DG-NP-22-00266,GCRB
435,12,GC-CC-NP-221007-002,가데스판타지,봄날소프트,2022-09-20,2022-10-07,12세 이용가,GC-DG-NP-22-00265,GCRB
436,13,GC-CC-NP-221007-003,아크레티아 전기,오자크 주식회사,2022-09-22,2022-10-07,15세 이용가,GC-DG-NP-22-00267,GCRB
437,14,GC-CC-NP-221007-004,트라하 글로벌,주식회사 모아이게임즈,2022-09-23,2022-10-07,12세 이용가,GC-DG-NP-22-00271,GCRB
438,15,GC-CC-NP-221007-005,Aka(아카),주식회사 네오위즈,2022-09-23,2022-10-07,전체이용가,GC-DG-NP-22-00268,GCRB
439,16,GC-CC-NP-221007-006,Victoria 3 (빅토리아 3),(주) 에이치투인터렉티브,2022-09-23,2022-10-07,12세 이용가,GC-DG-NP-22-00270,GCRB
440,17,GC-CC-NP-221007-007,[PC] 풋볼 매니저 2023,주식회사 세가퍼블리싱코리아,2022-09-23,2022-10-07,전체이용가,GC-DG-NP-22-00269,GCRB
441,18,GC-CC-NP-221007-008,갈리런,(주)휴먼웍스,2022-09-27,2022-10-07,전체이용가,GC-DG-NP-22-00273,GCRB
442,19,GC-CC-NP-221007-009,Return to Monkey Island (원숭이 섬으로의 귀환),바다게임즈,2022-09-26,2022-10-07,전체이용가,GC-DG-NP-22-00272,GCRB
443,20,GC-CC-NP-221007-010,Blackout Protocol(블랙아웃 프로토콜),주식회사 오션드라이브스튜디오,2022-09-28,2022-10-07,15세 이용가,GC-DG-NP-22-00274,GCRB
444,21,GC-CC-NP-221007-011,Kamiwaza: Way of the Thief (신업: 도둑의 길),(주) 에이치투인터렉티브,2022-10-06,2022-10-07,12세 이용가,GC-DG-NP-22-00275,GCRB
445,22,GC-CC-NV-221007-001,성탑신기 트리니티 트리거,아크시스템웍스주식회사 아시아지점,2022-09-14,2022-10-07,12세 이용가,GC-DG-NV-22-00061,GCRB
446,23,GC-CC-NV-221007-002,[Switch] 풋볼 매니저 2023 터치,주식회사 세가퍼블리싱코리아,2022-09-23,2022-10-07,전체이용가,GC-DG-NV-22-00065,GCRB
447,24,GC-CC-NV-221007-003,폴른 레기온 - 영광의 계보,게임피아,2022-09-28,2022-10-07,12세 이용가,GC-DG-NV-22-00066,GCRB
448,25,CC-NA-221013-001,Tusin Poker(투신 포커),다온시스템,2022-08-16,2022-10-13,청소년이용불가,DG-NA-22-00068,GRAC
449,26,CC-NP-221013-001,아레스 : 라이즈 오브 가디언즈,(주)카카오게임즈,2022-09-20,2022-10-13,청소년이용불가,DG-NP-22-00230,GRAC
450,27,CC-NP-221013-002,용의신CD,가나시스템,2022-09-20,2022-10-13,청소년이용불가,DG-NP-22-00231,GRAC
451,28,CC-NP-221013-003,Warbox Sandbox (워박스 샌드박스),스마일게이트스토브,2022-09-26,2022-10-13,청소년이용불가,DG-NP-22-00237,GRAC
452,29,CC-NP-221013-004,Hunt the Night (헌트 더 나이트),스마일게이트스토브,2022-10-04,2022-10-13,청소년이용불가,DG-NP-22-00245,GRAC
453,30,CC-NP-221013-005,[PC] 용과 같이 유신! 극,주식회사 세가퍼블리싱코리아,2022-09-30,2022-10-13,청소년이용불가,DG-NP-22-00244,GRAC
454,31,CC-OM-221013-001,Game of Khans,"Clicktouch Co., Ltd.",2022-09-22,2022-10-13,15세 이용가,DG-OM-22-00162,GRAC
455,32,CC-OM-221013-002,골드윙 카지노_슬롯,(주)모카트리,2022-10-04,2022-10-13,청소년이용불가,DG-OM-22-00178,GRAC
456,33,CC-OP-221013-001,마블스냅,Nuverse (Hong Kong) Limited,2022-09-23,2022-10-13,12세 이용가,DG-OP-22-00038,GRAC
457,34,CC-OM-221020-001,SCORE888 (스코어 888),(주)유시스트,2022-09-05,2022-10-20,청소년이용불가,DG-OM-22-00152,GRAC
458,35,CC-OM-221020-002,moagame_M(모아게임_M),(AK)소프트,2022-09-22,2022-10-20,청소년이용불가,DG-OM-22-00163,GRAC
459,36,CC-OM-221020-003,Aero Tales Online: The World,,2022-09-27,2022-10-20,12세 이용가,DG-OM-22-00173,GRAC
460,37,CC-OM-221020-004,한게임 오목M,엔에이치엔 주식회사,2022-10-14,2022-10-20,청소년이용불가,DG-OM-22-00187,GRAC
461,38,CC-OP-221020-001,The Chant,Koch Media GmbH,2022-09-06,2022-10-20,청소년이용불가,DG-OP-22-00035,GRAC
462,39,CC-OV-221020-001,SIGNALIS,Active Gaming Media Inc.,2022-10-14,2022-10-20,청소년이용불가,DG-OV-22-00023,GRAC
463,40,CC-OV-221020-002,The Walking Dead: Saints ＆ Sinners - Chapter 2: Retribution,Skydance Interactive,2022-10-11,2022-10-20,청소년이용불가,DG-OV-22-00022,GRAC
464,41,CC-NA-221020-001,잉어킹,원엔터,2022-07-07,2022-10-20,청소년이용불가,DG-NA-22-00057,GRAC
465,42,CC-NA-221020-002,바다신2,진소프트,2022-09-27,2022-10-20,전체이용가,DG-NA-22-00079,GRAC
466,43,CC-NP-221020-001,moagame(모아게임),(AK)소프트,2022-09-22,2022-10-20,청소년이용불가,DG-NP-22-00234,GRAC
467,44,CC-NP-221020-002,명장관우(名將關羽)CD,라온소프트,2022-09-29,2022-10-20,청소년이용불가,DG-NP-22-00242,GRAC
468,45,CC-NP-221020-003,한게임 오목,엔에이치엔 주식회사,2022-09-29,2022-10-20,청소년이용불가,DG-NP-22-00243,GRAC
469,46,GC-CC-NP-221021-001,한게임 오목-일반,엔에이치엔 주식회사,2022-10-07,2022-10-21,전체이용가,GC-DG-NP-22-00278,GCRB
470,47,GC-CC-NP-221021-002,Rabbids Party of Legends (래비드 서유기: 광란의 파티) PC,유비소프트엔터테인먼트,2022-10-06,2022-10-21,전체이용가,GC-DG-NP-22-00276,GCRB
471,48,GC-CC-NP-221021-003,SuperPower 3 (슈퍼파워 3),(주) 에이치투인터렉티브,2022-10-07,2022-10-21,12세 이용가,GC-DG-NP-22-00280,GCRB
472,49,GC-CC-NP-221021-004,Ninja Issen (닌자일섬),(주)씨에프케이,2022-10-06,2022-10-21,15세 이용가,GC-DG-NP-22-00277,GCRB
473,50,GC-CC-NP-221021-005,OCTOPATH TRAVELER II (옥토패스 트래블러 II),반다이남코 엔터테인먼트 코리아(주),2022-10-07,2022-10-21,12세 이용가,GC-DG-NP-22-00279,GCRB
474,51,GC-CC-NP-221021-006,호그와트 레거시 (Hogwarts Legacy)(PC),인플레이인터렉티브,2022-10-11,2022-10-21,12세 이용가,GC-DG-NP-22-00281,GCRB
475,52,GC-CC-NP-221021-007,하이프스쿼드,넷마블 주식회사,2022-10-13,2022-10-21,12세 이용가,GC-DG-NP-22-00286,GCRB
476,53,GC-CC-NP-221021-008,레인보우 블라스트,(주)모비소프트,2022-10-12,2022-10-21,전체이용가,GC-DG-NP-22-00282,GCRB
477,54,GC-CC-NP-221021-009,스택폴,(주)모비소프트,2022-10-12,2022-10-21,전체이용가,GC-DG-NP-22-00283,GCRB
478,55,GC-CC-NP-221021-010,퓨전팝,(주)모비소프트,2022-10-12,2022-10-21,전체이용가,GC-DG-NP-22-00284,GCRB
479,56,GC-CC-NP-221021-011,플레인 2048,(주)모비소프트,2022-10-12,2022-10-21,전체이용가,GC-DG-NP-22-00285,GCRB
480,57,GC-CC-NP-221021-012,-Dysterra(디스테라),(주)카카오게임즈,2022-10-13,2022-10-21,15세 이용가,GC-DG-NP-22-00288,GCRB
481,58,GC-CC-NP-221021-013,YOMAWARI: Series Deluxe Edition (요마와리: 시리즈 디럭스 에디션),(주) 에이치투인터렉티브,2022-10-17,2022-10-21,15세 이용가,GC-DG-NP-22-00292,GCRB
482,59,GC-CC-NV-221021-001,멍냥 동물 병원 - 반려동물 건강 지킴이! - ,대원미디어(주),2022-10-04,2022-10-21,전체이용가,GC-DG-NV-22-00067,GCRB
483,60,GC-CC-NV-221021-002,올인원 썸머 스포츠 VR,(주)앱노리,2022-10-06,2022-10-21,전체이용가,GC-DG-NV-22-00068,GCRB
484,61,CC-NP-221027-001,키스게임맞고(KISS GAME MATGO),키스(Kiss),2022-09-28,2022-10-27,청소년이용불가,DG-NP-22-00239,GRAC
485,62,CC-NP-221027-002,키스게임바둑이(KISS GAME BADUGI),키스(Kiss),2022-09-28,2022-10-27,청소년이용불가,DG-NP-22-00240,GRAC
486,63,CC-NP-221027-003,키스게임홀덤(KISS GAME HOLDEM),키스(Kiss),2022-09-28,2022-10-27,청소년이용불가,DG-NP-22-00241,GRAC
487,64,CC-OM-221027-001,페이트/그랜드 오더,넷마블 주식회사,2022-09-29,2022-10-27,15세 이용가,DG-OM-22-00174,GRAC
488,65,CC-OM-221027-002,MeChat - 러브 시크릿,Imponilox Limited,2022-10-12,2022-10-27,청소년이용불가,DG-OM-22-00182,GRAC
489,66,CC-OP-221027-001,Lost Light,NetEase Interactive Entertainment Pte. Ltd.,2022-09-27,2022-10-27,청소년이용불가,DG-OP-22-00039,GRAC
490,67,CC-OP-221027-002,Amnesia: Collection (암네시아: 컬렉션) (PC),Frictional Games AB,2022-10-05,2022-10-27,청소년이용불가,DG-OP-22-00040,GRAC
491,68,CC-OP-221027-003,붕괴: 스타레일,COGNOSPHERE PTE. LTD.,2022-10-11,2022-10-27,12세 이용가,DG-OP-22-00041,GRAC
492,69,CC-OV-221027-001,High On Life (하이 온 라이프),"Squanch Games, Inc",2022-10-24,2022-10-27,청소년이용불가,DG-OV-22-00024,GRAC
493,70,DS-NP-22-00025,슬롯탑스(Slottops) 실전슬롯,지성,2022-10-26,2022-10-27,청소년이용불가,등급거부,GRAC
494,71,DS-NP-22-00023,어느 할로윈 밤의 실종,,2022-10-04,2022-10-13,청소년이용불가,등급거부,GRAC
